"filename", "language", "XML", "C#", "C++", "HTML", "ASP.NET Razor", "JSON", "CSS", "JavaScript", "comment", "blank", "total"
"c:\Users\Pioter\Desktop\CinemaApp\CinemaApp\CinemaApp.Application.Tests\ApplicationUser\CurrentUserTests.cs", "C#", 0, 35, 0, 0, 0, 0, 0, 0, 9, 9, 53
"c:\Users\Pioter\Desktop\CinemaApp\CinemaApp\CinemaApp.Application.Tests\ApplicationUser\UserContextTests.cs", "C#", 0, 40, 0, 0, 0, 0, 0, 0, 3, 6, 49
"c:\Users\Pioter\Desktop\CinemaApp\CinemaApp\CinemaApp.Application.Tests\CinemaApp.Application.Tests.csproj", "XML", 22, 0, 0, 0, 0, 0, 0, 0, 0, 6, 28
"c:\Users\Pioter\Desktop\CinemaApp\CinemaApp\CinemaApp.Application.Tests\CinemaApp\Commands\CreateMovieShow\CreateMovieShowCommandHandlerTests.cs", "C#", 0, 76, 0, 0, 0, 0, 0, 0, 9, 18, 103
"c:\Users\Pioter\Desktop\CinemaApp\CinemaApp\CinemaApp.Application.Tests\CinemaApp\Commands\CreateMovieShow\CreateMovieShowCommandValidatorTests.cs", "C#", 0, 76, 0, 0, 0, 0, 0, 0, 9, 17, 102
"c:\Users\Pioter\Desktop\CinemaApp\CinemaApp\CinemaApp.Application.Tests\CinemaApp\Commands\CreateMovie\CreateMovieCommandHandlerTests.cs", "C#", 0, 98, 0, 0, 0, 0, 0, 0, 9, 20, 127
"c:\Users\Pioter\Desktop\CinemaApp\CinemaApp\CinemaApp.Application.Tests\CinemaApp\Commands\CreateMovie\CreateMovieCommandValidatorTests.cs", "C#", 0, 84, 0, 0, 0, 0, 0, 0, 9, 11, 104
"c:\Users\Pioter\Desktop\CinemaApp\CinemaApp\CinemaApp.Application.Tests\CinemaApp\Commands\CreateRating\CreateRatingCommandHandlerTests.cs", "C#", 0, 65, 0, 0, 0, 0, 0, 0, 6, 14, 85
"c:\Users\Pioter\Desktop\CinemaApp\CinemaApp\CinemaApp.Application.Tests\CinemaApp\Commands\CreateRating\CreateRatingCommandValidatorTests.cs", "C#", 0, 56, 0, 0, 0, 0, 0, 0, 9, 13, 78
"c:\Users\Pioter\Desktop\CinemaApp\CinemaApp\CinemaApp.Application.Tests\CinemaApp\Commands\EditMovieShow\EditMovieShowCommandHandlerTests.cs", "C#", 0, 216, 0, 0, 0, 0, 0, 0, 9, 30, 255
"c:\Users\Pioter\Desktop\CinemaApp\CinemaApp\CinemaApp.Application.Tests\CinemaApp\Commands\EditMovieShow\EditMovieShowCommandValidatorTests.cs", "C#", 0, 96, 0, 0, 0, 0, 0, 0, 9, 12, 117
"c:\Users\Pioter\Desktop\CinemaApp\CinemaApp\CinemaApp.Application.Tests\CinemaApp\Commands\EditMovie\EditMovieCommandHandlerTests.cs", "C#", 0, 119, 0, 0, 0, 0, 0, 0, 9, 21, 149
"c:\Users\Pioter\Desktop\CinemaApp\CinemaApp\CinemaApp.Application.Tests\CinemaApp\Commands\EditMovie\EditMovieCommandValidatorTests.cs", "C#", 0, 71, 0, 0, 0, 0, 0, 0, 6, 6, 83
"c:\Users\Pioter\Desktop\CinemaApp\CinemaApp\CinemaApp.Application.Tests\Mappings\CinemaAppMappingProfileTests.cs", "C#", 0, 253, 0, 0, 0, 0, 0, 0, 21, 37, 311
"c:\Users\Pioter\Desktop\CinemaApp\CinemaApp\CinemaApp.Application.Tests\libman.json", "JSON", 0, 0, 0, 0, 0, 5, 0, 0, 0, 0, 5
"c:\Users\Pioter\Desktop\CinemaApp\CinemaApp\CinemaApp.Application\ApplicationUser\CurrentUser.cs", "C#", 0, 16, 0, 0, 0, 0, 0, 0, 0, 3, 19
"c:\Users\Pioter\Desktop\CinemaApp\CinemaApp\CinemaApp.Application\ApplicationUser\UserContext.cs", "C#", 0, 29, 0, 0, 0, 0, 0, 0, 0, 8, 37
"c:\Users\Pioter\Desktop\CinemaApp\CinemaApp\CinemaApp.Application\CinemaApp.Application.csproj", "XML", 17, 0, 0, 0, 0, 0, 0, 0, 0, 5, 22
"c:\Users\Pioter\Desktop\CinemaApp\CinemaApp\CinemaApp.Application\CinemaApp\AgeRatingDto.cs", "C#", 0, 13, 0, 0, 0, 0, 0, 0, 0, 2, 15
"c:\Users\Pioter\Desktop\CinemaApp\CinemaApp\CinemaApp.Application\CinemaApp\Commands\CreateCheckoutInDatabase\CreateCheckoutInDatabaseCommand.cs", "C#", 0, 14, 0, 0, 0, 0, 0, 0, 0, 3, 17
"c:\Users\Pioter\Desktop\CinemaApp\CinemaApp\CinemaApp.Application\CinemaApp\Commands\CreateCheckoutInDatabase\CreateCheckoutInDatabaseCommandHandler.cs", "C#", 0, 36, 0, 0, 0, 0, 0, 0, 0, 8, 44
"c:\Users\Pioter\Desktop\CinemaApp\CinemaApp\CinemaApp.Application\CinemaApp\Commands\CreateCheckoutSession\CreateCheckoutSessionCommand.cs", "C#", 0, 17, 0, 0, 0, 0, 0, 0, 0, 3, 20
"c:\Users\Pioter\Desktop\CinemaApp\CinemaApp\CinemaApp.Application\CinemaApp\Commands\CreateCheckoutSession\CreateCheckoutSessionCommandHandler.cs", "C#", 0, 24, 0, 0, 0, 0, 0, 0, 0, 5, 29
"c:\Users\Pioter\Desktop\CinemaApp\CinemaApp\CinemaApp.Application\CinemaApp\Commands\CreateMovieShow\CreateMovieShowCommand.cs", "C#", 0, 7, 0, 0, 0, 0, 0, 0, 0, 2, 9
"c:\Users\Pioter\Desktop\CinemaApp\CinemaApp\CinemaApp.Application\CinemaApp\Commands\CreateMovieShow\CreateMovieShowCommandHandler.cs", "C#", 0, 26, 0, 0, 0, 0, 0, 0, 0, 6, 32
"c:\Users\Pioter\Desktop\CinemaApp\CinemaApp\CinemaApp.Application\CinemaApp\Commands\CreateMovieShow\CreateMovieShowCommandValidator.cs", "C#", 0, 35, 0, 0, 0, 0, 0, 0, 0, 3, 38
"c:\Users\Pioter\Desktop\CinemaApp\CinemaApp\CinemaApp.Application\CinemaApp\Commands\CreateMovie\CreateMovieCommand.cs", "C#", 0, 7, 0, 0, 0, 0, 0, 0, 0, 2, 9
"c:\Users\Pioter\Desktop\CinemaApp\CinemaApp\CinemaApp.Application\CinemaApp\Commands\CreateMovie\CreateMovieCommandHandler.cs", "C#", 0, 31, 0, 0, 0, 0, 0, 0, 0, 7, 38
"c:\Users\Pioter\Desktop\CinemaApp\CinemaApp\CinemaApp.Application\CinemaApp\Commands\CreateMovie\CreateMovieCommandValidator.cs", "C#", 0, 27, 0, 0, 0, 0, 0, 0, 0, 2, 29
"c:\Users\Pioter\Desktop\CinemaApp\CinemaApp\CinemaApp.Application\CinemaApp\Commands\CreateRating\CreateRatingCommand.cs", "C#", 0, 7, 0, 0, 0, 0, 0, 0, 0, 2, 9
"c:\Users\Pioter\Desktop\CinemaApp\CinemaApp\CinemaApp.Application\CinemaApp\Commands\CreateRating\CreateRatingCommandHandler.cs", "C#", 0, 37, 0, 0, 0, 0, 0, 0, 0, 10, 47
"c:\Users\Pioter\Desktop\CinemaApp\CinemaApp\CinemaApp.Application\CinemaApp\Commands\CreateRating\CreateRatingCommandValidator.cs", "C#", 0, 17, 0, 0, 0, 0, 0, 0, 0, 2, 19
"c:\Users\Pioter\Desktop\CinemaApp\CinemaApp\CinemaApp.Application\CinemaApp\Commands\CreateTicket\CreateTicketCommand.cs", "C#", 0, 16, 0, 0, 0, 0, 0, 0, 0, 3, 19
"c:\Users\Pioter\Desktop\CinemaApp\CinemaApp\CinemaApp.Application\CinemaApp\Commands\CreateTicket\CreateTicketCommandHandler.cs", "C#", 0, 26, 0, 0, 0, 0, 0, 0, 0, 7, 33
"c:\Users\Pioter\Desktop\CinemaApp\CinemaApp\CinemaApp.Application\CinemaApp\Commands\DeleteMovieRating\DeleteMovieRatingCommand.cs", "C#", 0, 7, 0, 0, 0, 0, 0, 0, 0, 2, 9
"c:\Users\Pioter\Desktop\CinemaApp\CinemaApp\CinemaApp.Application\CinemaApp\Commands\DeleteMovieRating\DeleteMovieRatingCommandHandler.cs", "C#", 0, 24, 0, 0, 0, 0, 0, 0, 0, 6, 30
"c:\Users\Pioter\Desktop\CinemaApp\CinemaApp\CinemaApp.Application\CinemaApp\Commands\EditMovieShow\EditMovieShowCommand.cs", "C#", 0, 7, 0, 0, 0, 0, 0, 0, 0, 3, 10
"c:\Users\Pioter\Desktop\CinemaApp\CinemaApp\CinemaApp.Application\CinemaApp\Commands\EditMovieShow\EditMovieShowCommandHandler.cs", "C#", 0, 39, 0, 0, 0, 0, 0, 0, 0, 8, 47
"c:\Users\Pioter\Desktop\CinemaApp\CinemaApp\CinemaApp.Application\CinemaApp\Commands\EditMovieShow\EditMovieShowCommandValidator.cs", "C#", 0, 35, 0, 0, 0, 0, 0, 0, 0, 3, 38
"c:\Users\Pioter\Desktop\CinemaApp\CinemaApp\CinemaApp.Application\CinemaApp\Commands\EditMovie\EditMovieCommand.cs", "C#", 0, 7, 0, 0, 0, 0, 0, 0, 0, 2, 9
"c:\Users\Pioter\Desktop\CinemaApp\CinemaApp\CinemaApp.Application\CinemaApp\Commands\EditMovie\EditMovieCommandHandler.cs", "C#", 0, 36, 0, 0, 0, 0, 0, 0, 0, 7, 43
"c:\Users\Pioter\Desktop\CinemaApp\CinemaApp\CinemaApp.Application\CinemaApp\Commands\EditMovie\EditMovieCommandValidator.cs", "C#", 0, 22, 0, 0, 0, 0, 0, 0, 0, 2, 24
"c:\Users\Pioter\Desktop\CinemaApp\CinemaApp\CinemaApp.Application\CinemaApp\Commands\EditTicket\EditTicketCommand.cs", "C#", 0, 12, 0, 0, 0, 0, 0, 0, 0, 3, 15
"c:\Users\Pioter\Desktop\CinemaApp\CinemaApp\CinemaApp.Application\CinemaApp\Commands\EditTicket\EditTicketCommandHandler.cs", "C#", 0, 20, 0, 0, 0, 0, 0, 0, 0, 7, 27
"c:\Users\Pioter\Desktop\CinemaApp\CinemaApp\CinemaApp.Application\CinemaApp\Commands\EditUserRole\EditUserRoleCommand.cs", "C#", 0, 14, 0, 0, 0, 0, 0, 0, 0, 3, 17
"c:\Users\Pioter\Desktop\CinemaApp\CinemaApp\CinemaApp.Application\CinemaApp\Commands\EditUserRole\EditUserRoleCommandHandler.cs", "C#", 0, 21, 0, 0, 0, 0, 0, 0, 5, 6, 32
"c:\Users\Pioter\Desktop\CinemaApp\CinemaApp\CinemaApp.Application\CinemaApp\Commands\SendConfirmationEmail\SendConfirmationEmailCommand.cs", "C#", 0, 16, 0, 0, 0, 0, 0, 0, 0, 3, 19
"c:\Users\Pioter\Desktop\CinemaApp\CinemaApp\CinemaApp.Application\CinemaApp\Commands\SendConfirmationEmail\SendConfirmationEmailCommandHandler.cs", "C#", 0, 18, 0, 0, 0, 0, 0, 0, 0, 4, 22
"c:\Users\Pioter\Desktop\CinemaApp\CinemaApp\CinemaApp.Application\CinemaApp\Commands\SendEmailWithAttachement\SendEmailWithAttachementCommand.cs", "C#", 0, 14, 0, 0, 0, 0, 0, 0, 0, 3, 17
"c:\Users\Pioter\Desktop\CinemaApp\CinemaApp\CinemaApp.Application\CinemaApp\Commands\SendEmailWithAttachement\SendEmailWithAttachementCommandHandler.cs", "C#", 0, 26, 0, 0, 0, 0, 0, 0, 0, 6, 32
"c:\Users\Pioter\Desktop\CinemaApp\CinemaApp\CinemaApp.Application\CinemaApp\Commands\SendRecoveryPasswordEmail\SendRecoveryPasswordEmailCommand.cs", "C#", 0, 16, 0, 0, 0, 0, 0, 0, 0, 3, 19
"c:\Users\Pioter\Desktop\CinemaApp\CinemaApp\CinemaApp.Application\CinemaApp\Commands\SendRecoveryPasswordEmail\SendRecoveryPasswordEmailCommandHandler.cs", "C#", 0, 18, 0, 0, 0, 0, 0, 0, 0, 4, 22
"c:\Users\Pioter\Desktop\CinemaApp\CinemaApp\CinemaApp.Application\CinemaApp\HallDto.cs", "C#", 0, 10, 0, 0, 0, 0, 0, 0, 0, 1, 11
"c:\Users\Pioter\Desktop\CinemaApp\CinemaApp\CinemaApp.Application\CinemaApp\MovieDto.cs", "C#", 0, 22, 0, 0, 0, 0, 0, 0, 0, 2, 24
"c:\Users\Pioter\Desktop\CinemaApp\CinemaApp\CinemaApp.Application\CinemaApp\Queries\GetAgeRatingById\GetAgeRatingByIdQuery.cs", "C#", 0, 12, 0, 0, 0, 0, 0, 0, 0, 3, 15
"c:\Users\Pioter\Desktop\CinemaApp\CinemaApp\CinemaApp.Application\CinemaApp\Queries\GetAgeRatingById\GetAgeRatingByIdQueryHandler.cs", "C#", 0, 23, 0, 0, 0, 0, 0, 0, 0, 5, 28
"c:\Users\Pioter\Desktop\CinemaApp\CinemaApp\CinemaApp.Application\CinemaApp\Queries\GetAgeRatings\GetAgeRatingsQuery.cs", "C#", 0, 7, 0, 0, 0, 0, 0, 0, 0, 2, 9
"c:\Users\Pioter\Desktop\CinemaApp\CinemaApp\CinemaApp.Application\CinemaApp\Queries\GetAgeRatings\GetAgeRatingsQueryHandler.cs", "C#", 0, 22, 0, 0, 0, 0, 0, 0, 0, 6, 28
"c:\Users\Pioter\Desktop\CinemaApp\CinemaApp\CinemaApp.Application\CinemaApp\Queries\GetAllHalls\GetAllHallsQuery.cs", "C#", 0, 7, 0, 0, 0, 0, 0, 0, 0, 2, 9
"c:\Users\Pioter\Desktop\CinemaApp\CinemaApp\CinemaApp.Application\CinemaApp\Queries\GetAllHalls\GetAllHallsQueryHandler.cs", "C#", 0, 23, 0, 0, 0, 0, 0, 0, 0, 4, 27
"c:\Users\Pioter\Desktop\CinemaApp\CinemaApp\CinemaApp.Application\CinemaApp\Queries\GetAllMoviesShows\GetAllMoviesShowsQuery.cs", "C#", 0, 7, 0, 0, 0, 0, 0, 0, 0, 3, 10
"c:\Users\Pioter\Desktop\CinemaApp\CinemaApp\CinemaApp.Application\CinemaApp\Queries\GetAllMoviesShows\GetAllMoviesShowsQueryHandler.cs", "C#", 0, 22, 0, 0, 0, 0, 0, 0, 0, 5, 27
"c:\Users\Pioter\Desktop\CinemaApp\CinemaApp\CinemaApp.Application\CinemaApp\Queries\GetAllMovies\GetAllMoviesQuery.cs", "C#", 0, 7, 0, 0, 0, 0, 0, 0, 0, 2, 9
"c:\Users\Pioter\Desktop\CinemaApp\CinemaApp\CinemaApp.Application\CinemaApp\Queries\GetAllMovies\GetAllMoviesQueryHandler.cs", "C#", 0, 22, 0, 0, 0, 0, 0, 0, 0, 5, 27
"c:\Users\Pioter\Desktop\CinemaApp\CinemaApp\CinemaApp.Application\CinemaApp\Queries\GetAllTickets\GetAllTicketsQuery.cs", "C#", 0, 7, 0, 0, 0, 0, 0, 0, 0, 2, 9
"c:\Users\Pioter\Desktop\CinemaApp\CinemaApp\CinemaApp.Application\CinemaApp\Queries\GetAllTickets\GetAllTicketsQueryHandler.cs", "C#", 0, 37, 0, 0, 0, 0, 0, 0, 0, 7, 44
"c:\Users\Pioter\Desktop\CinemaApp\CinemaApp\CinemaApp.Application\CinemaApp\Queries\GetAllUsers\GetAllUsersQuery.cs", "C#", 0, 7, 0, 0, 0, 0, 0, 0, 0, 2, 9
"c:\Users\Pioter\Desktop\CinemaApp\CinemaApp\CinemaApp.Application\CinemaApp\Queries\GetAllUsers\GetAllUsersQueryHandler.cs", "C#", 0, 34, 0, 0, 0, 0, 0, 0, 0, 6, 40
"c:\Users\Pioter\Desktop\CinemaApp\CinemaApp\CinemaApp.Application\CinemaApp\Queries\GetHallByNumber\GetHallByNumberQuery.cs", "C#", 0, 12, 0, 0, 0, 0, 0, 0, 0, 3, 15
"c:\Users\Pioter\Desktop\CinemaApp\CinemaApp\CinemaApp.Application\CinemaApp\Queries\GetHallByNumber\GetHallByNumberQueryHandler.cs", "C#", 0, 22, 0, 0, 0, 0, 0, 0, 0, 4, 26
"c:\Users\Pioter\Desktop\CinemaApp\CinemaApp\CinemaApp.Application\CinemaApp\Queries\GetMovieByEncodedTitle\GetMovieByEncodedTitleQuery.cs", "C#", 0, 12, 0, 0, 0, 0, 0, 0, 0, 3, 15
"c:\Users\Pioter\Desktop\CinemaApp\CinemaApp\CinemaApp.Application\CinemaApp\Queries\GetMovieByEncodedTitle\GetMovieByEncodedTitleQueryHandler.cs", "C#", 0, 22, 0, 0, 0, 0, 0, 0, 0, 5, 27
"c:\Users\Pioter\Desktop\CinemaApp\CinemaApp\CinemaApp.Application\CinemaApp\Queries\GetMovieById\GetMovieByIdQuery.cs", "C#", 0, 12, 0, 0, 0, 0, 0, 0, 0, 3, 15
"c:\Users\Pioter\Desktop\CinemaApp\CinemaApp\CinemaApp.Application\CinemaApp\Queries\GetMovieById\GetMovieByIdQueryHandler.cs", "C#", 0, 22, 0, 0, 0, 0, 0, 0, 0, 5, 27
"c:\Users\Pioter\Desktop\CinemaApp\CinemaApp\CinemaApp.Application\CinemaApp\Queries\GetMovieRatings\GetMovieRatingsQuery.cs", "C#", 0, 8, 0, 0, 0, 0, 0, 0, 0, 2, 10
"c:\Users\Pioter\Desktop\CinemaApp\CinemaApp\CinemaApp.Application\CinemaApp\Queries\GetMovieRatings\GetMovieRatingsQueryHandler.cs", "C#", 0, 22, 0, 0, 0, 0, 0, 0, 0, 6, 28
"c:\Users\Pioter\Desktop\CinemaApp\CinemaApp\CinemaApp.Application\CinemaApp\Queries\GetMovieShowByEncodedTitle\GetMovieShowByEncodedTitleQuery.cs", "C#", 0, 14, 0, 0, 0, 0, 0, 0, 0, 3, 17
"c:\Users\Pioter\Desktop\CinemaApp\CinemaApp\CinemaApp.Application\CinemaApp\Queries\GetMovieShowByEncodedTitle\GetMovieShowByEncodedTitleQueryHandler.cs", "C#", 0, 22, 0, 0, 0, 0, 0, 0, 0, 5, 27
"c:\Users\Pioter\Desktop\CinemaApp\CinemaApp\CinemaApp.Application\CinemaApp\Queries\GetMovieShow\GetMovieShowQuery.cs", "C#", 0, 14, 0, 0, 0, 0, 0, 0, 0, 3, 17
"c:\Users\Pioter\Desktop\CinemaApp\CinemaApp\CinemaApp.Application\CinemaApp\Queries\GetMovieShow\GetMovieShowQueryHandler.cs", "C#", 0, 18, 0, 0, 0, 0, 0, 0, 0, 4, 22
"c:\Users\Pioter\Desktop\CinemaApp\CinemaApp\CinemaApp.Application\CinemaApp\Queries\GetPdfFromTicket\GetPdfQuery.cs", "C#", 0, 14, 0, 0, 0, 0, 0, 0, 0, 3, 17
"c:\Users\Pioter\Desktop\CinemaApp\CinemaApp\CinemaApp.Application\CinemaApp\Queries\GetPdfFromTicket\GetPdfQueryHandler.cs", "C#", 0, 18, 0, 0, 0, 0, 0, 0, 0, 4, 22
"c:\Users\Pioter\Desktop\CinemaApp\CinemaApp\CinemaApp.Application\CinemaApp\Queries\GetRepertoire\GetRepertoireQuery.cs", "C#", 0, 16, 0, 0, 0, 0, 0, 0, 0, 3, 19
"c:\Users\Pioter\Desktop\CinemaApp\CinemaApp\CinemaApp.Application\CinemaApp\Queries\GetRepertoire\GetRepertoireQueryHandler.cs", "C#", 0, 22, 0, 0, 0, 0, 0, 0, 0, 5, 27
"c:\Users\Pioter\Desktop\CinemaApp\CinemaApp\CinemaApp.Application\CinemaApp\Queries\GetSeat\GetSeatQuery.cs", "C#", 0, 16, 0, 0, 0, 0, 0, 0, 0, 3, 19
"c:\Users\Pioter\Desktop\CinemaApp\CinemaApp\CinemaApp.Application\CinemaApp\Queries\GetSeat\GetSeatQueryHandler.cs", "C#", 0, 18, 0, 0, 0, 0, 0, 0, 0, 4, 22
"c:\Users\Pioter\Desktop\CinemaApp\CinemaApp\CinemaApp.Application\CinemaApp\Queries\GetTicketByUid\GetTicketByUidQuery.cs", "C#", 0, 12, 0, 0, 0, 0, 0, 0, 0, 3, 15
"c:\Users\Pioter\Desktop\CinemaApp\CinemaApp\CinemaApp.Application\CinemaApp\Queries\GetTicketByUid\GetTicketByUidQueryHandler.cs", "C#", 0, 22, 0, 0, 0, 0, 0, 0, 0, 6, 28
"c:\Users\Pioter\Desktop\CinemaApp\CinemaApp\CinemaApp.Application\CinemaApp\Queries\GetTicketByUser\GetTicketByUserQuery.cs", "C#", 0, 14, 0, 0, 0, 0, 0, 0, 0, 3, 17
"c:\Users\Pioter\Desktop\CinemaApp\CinemaApp\CinemaApp.Application\CinemaApp\Queries\GetTicketByUser\GetTicketByUserQueryHandler.cs", "C#", 0, 26, 0, 0, 0, 0, 0, 0, 0, 5, 31
"c:\Users\Pioter\Desktop\CinemaApp\CinemaApp\CinemaApp.Application\CinemaApp\Queries\GetTicketsBySearchString\GetTicketsBySearchStringQuery.cs", "C#", 0, 12, 0, 0, 0, 0, 0, 0, 0, 3, 15
"c:\Users\Pioter\Desktop\CinemaApp\CinemaApp\CinemaApp.Application\CinemaApp\Queries\GetTicketsBySearchString\GetTicketsBySearchStringQueryHandler.cs", "C#", 0, 22, 0, 0, 0, 0, 0, 0, 0, 5, 27
"c:\Users\Pioter\Desktop\CinemaApp\CinemaApp\CinemaApp.Application\CinemaApp\Queries\GetUnavailableSeats\GetUnavailableSeatsQuery.cs", "C#", 0, 14, 0, 0, 0, 0, 0, 0, 0, 3, 17
"c:\Users\Pioter\Desktop\CinemaApp\CinemaApp\CinemaApp.Application\CinemaApp\Queries\GetUnavailableSeats\GetUnavailableSeatsQueryHandler.cs", "C#", 0, 19, 0, 0, 0, 0, 0, 0, 0, 4, 23
"c:\Users\Pioter\Desktop\CinemaApp\CinemaApp\CinemaApp.Application\CinemaApp\Queries\GetUpcomingMovies\GetUpcomingMoviesQuery.cs", "C#", 0, 7, 0, 0, 0, 0, 0, 0, 0, 3, 10
"c:\Users\Pioter\Desktop\CinemaApp\CinemaApp\CinemaApp.Application\CinemaApp\Queries\GetUpcomingMovies\GetUpcomingMoviesQueryHandler.cs", "C#", 0, 22, 0, 0, 0, 0, 0, 0, 0, 5, 27
"c:\Users\Pioter\Desktop\CinemaApp\CinemaApp\CinemaApp.Application\CinemaApp\RatingDto.cs", "C#", 0, 12, 0, 0, 0, 0, 0, 0, 0, 1, 13
"c:\Users\Pioter\Desktop\CinemaApp\CinemaApp\CinemaApp.Application\CinemaApp\ResetPasswordModelDto.cs", "C#", 0, 20, 0, 0, 0, 0, 0, 0, 0, 2, 22
"c:\Users\Pioter\Desktop\CinemaApp\CinemaApp\CinemaApp.Application\CinemaApp\TicketCheckDto.cs", "C#", 0, 17, 0, 0, 0, 0, 0, 0, 0, 1, 18
"c:\Users\Pioter\Desktop\CinemaApp\CinemaApp\CinemaApp.Application\CinemaApp\TicketDto.cs", "C#", 0, 20, 0, 0, 0, 0, 0, 0, 0, 1, 21
"c:\Users\Pioter\Desktop\CinemaApp\CinemaApp\CinemaApp.Application\CinemaApp\UserDto.cs", "C#", 0, 9, 0, 0, 0, 0, 0, 0, 0, 0, 9
"c:\Users\Pioter\Desktop\CinemaApp\CinemaApp\CinemaApp.Application\Extensions\ServiceCollectionExtensions.cs", "C#", 0, 54, 0, 0, 0, 0, 0, 0, 0, 8, 62
"c:\Users\Pioter\Desktop\CinemaApp\CinemaApp\CinemaApp.Application\Mappings\CinemaAppMappingProfile.cs", "C#", 0, 78, 0, 0, 0, 0, 0, 0, 0, 15, 93
"c:\Users\Pioter\Desktop\CinemaApp\CinemaApp\CinemaApp.Domain.Tests\CinemaApp.Domain.Tests.csproj", "XML", 29, 0, 0, 0, 0, 0, 0, 0, 0, 6, 35
"c:\Users\Pioter\Desktop\CinemaApp\CinemaApp\CinemaApp.Domain.Tests\Entities\MovieTests.cs", "C#", 0, 44, 0, 0, 0, 0, 0, 0, 12, 12, 68
"c:\Users\Pioter\Desktop\CinemaApp\CinemaApp\CinemaApp.Domain\CinemaApp.Domain.csproj", "XML", 11, 0, 0, 0, 0, 0, 0, 0, 0, 4, 15
"c:\Users\Pioter\Desktop\CinemaApp\CinemaApp\CinemaApp.Domain\Entities\AgeRating.cs", "C#", 0, 14, 0, 0, 0, 0, 0, 0, 0, 2, 16
"c:\Users\Pioter\Desktop\CinemaApp\CinemaApp\CinemaApp.Domain\Entities\EmailSettings.cs", "C#", 0, 15, 0, 0, 0, 0, 0, 0, 0, 2, 17
"c:\Users\Pioter\Desktop\CinemaApp\CinemaApp\CinemaApp.Domain\Entities\ForgotPasswordModel.cs", "C#", 0, 15, 0, 0, 0, 0, 0, 0, 0, 2, 17
"c:\Users\Pioter\Desktop\CinemaApp\CinemaApp\CinemaApp.Domain\Entities\Hall.cs", "C#", 0, 17, 0, 0, 0, 0, 0, 0, 0, 2, 19
"c:\Users\Pioter\Desktop\CinemaApp\CinemaApp\CinemaApp.Domain\Entities\Movie.cs", "C#", 0, 34, 0, 0, 0, 0, 0, 0, 0, 7, 41
"c:\Users\Pioter\Desktop\CinemaApp\CinemaApp\CinemaApp.Domain\Entities\MovieShow.cs", "C#", 0, 25, 0, 0, 0, 0, 0, 0, 0, 2, 27
"c:\Users\Pioter\Desktop\CinemaApp\CinemaApp\CinemaApp.Domain\Entities\Payment.cs", "C#", 0, 19, 0, 0, 0, 0, 0, 0, 0, 2, 21
"c:\Users\Pioter\Desktop\CinemaApp\CinemaApp\CinemaApp.Domain\Entities\PriceList.cs", "C#", 0, 14, 0, 0, 0, 0, 0, 0, 0, 2, 16
"c:\Users\Pioter\Desktop\CinemaApp\CinemaApp\CinemaApp.Domain\Entities\Rating.cs", "C#", 0, 20, 0, 0, 0, 0, 0, 0, 0, 2, 22
"c:\Users\Pioter\Desktop\CinemaApp\CinemaApp\CinemaApp.Domain\Entities\Seat.cs", "C#", 0, 17, 0, 0, 0, 0, 0, 0, 0, 2, 19
"c:\Users\Pioter\Desktop\CinemaApp\CinemaApp\CinemaApp.Domain\Entities\StripeSettings.cs", "C#", 0, 13, 0, 0, 0, 0, 0, 0, 0, 2, 15
"c:\Users\Pioter\Desktop\CinemaApp\CinemaApp\CinemaApp.Domain\Entities\Ticket.cs", "C#", 0, 26, 0, 0, 0, 0, 0, 0, 0, 2, 28
"c:\Users\Pioter\Desktop\CinemaApp\CinemaApp\CinemaApp.Domain\Entities\User.cs", "C#", 0, 14, 0, 0, 0, 0, 0, 0, 0, 2, 16
"c:\Users\Pioter\Desktop\CinemaApp\CinemaApp\CinemaApp.Domain\Interfaces\IAgeRatingRepository.cs", "C#", 0, 8, 0, 0, 0, 0, 0, 0, 0, 1, 9
"c:\Users\Pioter\Desktop\CinemaApp\CinemaApp\CinemaApp.Domain\Interfaces\IHallRepository.cs", "C#", 0, 8, 0, 0, 0, 0, 0, 0, 0, 1, 9
"c:\Users\Pioter\Desktop\CinemaApp\CinemaApp\CinemaApp.Domain\Interfaces\IIdentityRepository.cs", "C#", 0, 10, 0, 0, 0, 0, 0, 0, 0, 1, 11
"c:\Users\Pioter\Desktop\CinemaApp\CinemaApp\CinemaApp.Domain\Interfaces\IMovieRepository.cs", "C#", 0, 14, 0, 0, 0, 0, 0, 0, 0, 1, 15
"c:\Users\Pioter\Desktop\CinemaApp\CinemaApp\CinemaApp.Domain\Interfaces\IMovieShowRepository.cs", "C#", 0, 15, 0, 0, 0, 0, 0, 0, 0, 1, 16
"c:\Users\Pioter\Desktop\CinemaApp\CinemaApp\CinemaApp.Domain\Interfaces\IRatingRepository.cs", "C#", 0, 9, 0, 0, 0, 0, 0, 0, 0, 1, 10
"c:\Users\Pioter\Desktop\CinemaApp\CinemaApp\CinemaApp.Domain\Interfaces\ISeatRepository.cs", "C#", 0, 8, 0, 0, 0, 0, 0, 0, 0, 1, 9
"c:\Users\Pioter\Desktop\CinemaApp\CinemaApp\CinemaApp.Domain\Interfaces\IStripeRepository.cs", "C#", 0, 9, 0, 0, 0, 0, 0, 0, 0, 2, 11
"c:\Users\Pioter\Desktop\CinemaApp\CinemaApp\CinemaApp.Domain\Interfaces\ITicketRepository.cs", "C#", 0, 16, 0, 0, 0, 0, 0, 0, 0, 1, 17
"c:\Users\Pioter\Desktop\CinemaApp\CinemaApp\CinemaApp.Infrastructure\CinemaApp.Infrastructure.csproj", "XML", 23, 0, 0, 0, 0, 0, 0, 0, 0, 5, 28
"c:\Users\Pioter\Desktop\CinemaApp\CinemaApp\CinemaApp.Infrastructure\Extensions\ServiceCollectionExtension.cs", "C#", 0, 38, 0, 0, 0, 0, 0, 0, 0, 7, 45
"c:\Users\Pioter\Desktop\CinemaApp\CinemaApp\CinemaApp.Infrastructure\Persistance\CinemaAppDbContext.cs", "C#", 0, 60, 0, 0, 0, 0, 0, 0, 0, 14, 74
"c:\Users\Pioter\Desktop\CinemaApp\CinemaApp\CinemaApp.Infrastructure\Repositories\AgeRatingRepository.cs", "C#", 0, 21, 0, 0, 0, 0, 0, 0, 0, 5, 26
"c:\Users\Pioter\Desktop\CinemaApp\CinemaApp\CinemaApp.Infrastructure\Repositories\HallRepository.cs", "C#", 0, 20, 0, 0, 0, 0, 0, 0, 0, 5, 25
"c:\Users\Pioter\Desktop\CinemaApp\CinemaApp\CinemaApp.Infrastructure\Repositories\IdentityRepository.cs", "C#", 0, 98, 0, 0, 0, 0, 0, 0, 0, 23, 121
"c:\Users\Pioter\Desktop\CinemaApp\CinemaApp\CinemaApp.Infrastructure\Repositories\MovieRepository.cs", "C#", 0, 62, 0, 0, 0, 0, 0, 0, 0, 14, 76
"c:\Users\Pioter\Desktop\CinemaApp\CinemaApp\CinemaApp.Infrastructure\Repositories\MovieShowRepository.cs", "C#", 0, 104, 0, 0, 0, 0, 0, 0, 0, 20, 124
"c:\Users\Pioter\Desktop\CinemaApp\CinemaApp\CinemaApp.Infrastructure\Repositories\RatingRepository.cs", "C#", 0, 35, 0, 0, 0, 0, 0, 0, 0, 7, 42
"c:\Users\Pioter\Desktop\CinemaApp\CinemaApp\CinemaApp.Infrastructure\Repositories\SeatRepository.cs", "C#", 0, 26, 0, 0, 0, 0, 0, 0, 0, 5, 31
"c:\Users\Pioter\Desktop\CinemaApp\CinemaApp\CinemaApp.Infrastructure\Repositories\StripeRepository.cs", "C#", 0, 65, 0, 0, 0, 0, 0, 0, 0, 12, 77
"c:\Users\Pioter\Desktop\CinemaApp\CinemaApp\CinemaApp.Infrastructure\Repositories\TicketRepository.cs", "C#", 0, 197, 0, 0, 0, 0, 0, 0, 0, 41, 238
"c:\Users\Pioter\Desktop\CinemaApp\CinemaApp\CinemaApp.Infrastructure\Seeders\CinemaAppSeeder.cs", "C#", 0, 199, 0, 0, 0, 0, 0, 0, 0, 16, 215
"c:\Users\Pioter\Desktop\CinemaApp\CinemaApp\CinemaApp.MVC.Tests\CinemaApp.MVC.Tests.csproj", "XML", 23, 0, 0, 0, 0, 0, 0, 0, 0, 6, 29
"c:\Users\Pioter\Desktop\CinemaApp\CinemaApp\CinemaApp.MVC.Tests\Controllers\HomeControllerTests.cs", "C#", 0, 70, 0, 0, 0, 0, 0, 0, 6, 18, 94
"c:\Users\Pioter\Desktop\CinemaApp\CinemaApp\CinemaApp.MVC.Tests\Controllers\MovieShowControllerTests.cs", "C#", 0, 79, 0, 0, 0, 0, 0, 0, 3, 16, 98
"c:\Users\Pioter\Desktop\CinemaApp\CinemaApp\CinemaApp\Areas\Identity\Pages\Account\ConfirmEmail.cshtml", "ASP.NET Razor", 0, 0, 0, 0, 9, 0, 0, 0, 0, 2, 11
"c:\Users\Pioter\Desktop\CinemaApp\CinemaApp\CinemaApp\Areas\Identity\Pages\Account\ConfirmEmail.cshtml.cs", "C#", 0, 39, 0, 0, 0, 0, 0, 0, 6, 7, 52
"c:\Users\Pioter\Desktop\CinemaApp\CinemaApp\CinemaApp\Areas\Identity\Pages\Account\Login.cshtml", "ASP.NET Razor", 0, 0, 0, 0, 35, 0, 0, 0, 0, 4, 39
"c:\Users\Pioter\Desktop\CinemaApp\CinemaApp\CinemaApp\Areas\Identity\Pages\Account\Login.cshtml.cs", "C#", 0, 83, 0, 0, 0, 0, 0, 0, 38, 20, 141
"c:\Users\Pioter\Desktop\CinemaApp\CinemaApp\CinemaApp\Areas\Identity\Pages\Account\Manage\ChangePassword.cshtml", "ASP.NET Razor", 0, 0, 0, 0, 34, 0, 0, 0, 0, 3, 37
"c:\Users\Pioter\Desktop\CinemaApp\CinemaApp\CinemaApp\Areas\Identity\Pages\Account\Manage\ChangePassword.cshtml.cs", "C#", 0, 85, 0, 0, 0, 0, 0, 0, 26, 17, 128
"c:\Users\Pioter\Desktop\CinemaApp\CinemaApp\CinemaApp\Areas\Identity\Pages\Account\Manage\DeletePersonalData.cshtml", "ASP.NET Razor", 0, 0, 0, 0, 35, 0, 0, 0, 0, 5, 40
"c:\Users\Pioter\Desktop\CinemaApp\CinemaApp\CinemaApp\Areas\Identity\Pages\Account\Manage\DeletePersonalData.cshtml.cs", "C#", 0, 71, 0, 0, 0, 0, 0, 0, 18, 15, 104
"c:\Users\Pioter\Desktop\CinemaApp\CinemaApp\CinemaApp\Areas\Identity\Pages\Account\Manage\Email.cshtml", "ASP.NET Razor", 0, 0, 0, 0, 42, 0, 0, 0, 0, 3, 45
"c:\Users\Pioter\Desktop\CinemaApp\CinemaApp\CinemaApp\Areas\Identity\Pages\Account\Manage\Email.cshtml.cs", "C#", 0, 128, 0, 0, 0, 0, 0, 0, 26, 27, 181
"c:\Users\Pioter\Desktop\CinemaApp\CinemaApp\CinemaApp\Areas\Identity\Pages\Account\Manage\Index.cshtml", "ASP.NET Razor", 0, 0, 0, 0, 28, 0, 0, 0, 0, 3, 31
"c:\Users\Pioter\Desktop\CinemaApp\CinemaApp\CinemaApp\Areas\Identity\Pages\Account\Manage\Index.cshtml.cs", "C#", 0, 80, 0, 0, 0, 0, 0, 0, 22, 17, 119
"c:\Users\Pioter\Desktop\CinemaApp\CinemaApp\CinemaApp\Areas\Identity\Pages\Account\Manage\ManageNavPages.cs", "C#", 0, 31, 0, 0, 0, 0, 0, 0, 74, 19, 124
"c:\Users\Pioter\Desktop\CinemaApp\CinemaApp\CinemaApp\Areas\Identity\Pages\Account\Manage\PersonalData.cshtml", "ASP.NET Razor", 0, 0, 0, 0, 26, 0, 0, 0, 0, 4, 30
"c:\Users\Pioter\Desktop\CinemaApp\CinemaApp\CinemaApp\Areas\Identity\Pages\Account\Manage\PersonalData.cshtml.cs", "C#", 0, 30, 0, 0, 0, 0, 0, 0, 2, 5, 37
"c:\Users\Pioter\Desktop\CinemaApp\CinemaApp\CinemaApp\Areas\Identity\Pages\Account\Manage\_Layout.cshtml", "ASP.NET Razor", 0, 0, 0, 0, 24, 0, 0, 0, 0, 4, 28
"c:\Users\Pioter\Desktop\CinemaApp\CinemaApp\CinemaApp\Areas\Identity\Pages\Account\Manage\_ManageNav.cshtml", "ASP.NET Razor", 0, 0, 0, 0, 14, 0, 0, 0, 0, 1, 15
"c:\Users\Pioter\Desktop\CinemaApp\CinemaApp\CinemaApp\Areas\Identity\Pages\Account\Manage\_ViewImports.cshtml", "ASP.NET Razor", 0, 0, 0, 0, 1, 0, 0, 0, 0, 0, 1
"c:\Users\Pioter\Desktop\CinemaApp\CinemaApp\CinemaApp\Areas\Identity\Pages\Account\Register.cshtml", "ASP.NET Razor", 0, 0, 0, 0, 33, 0, 0, 0, 0, 3, 36
"c:\Users\Pioter\Desktop\CinemaApp\CinemaApp\CinemaApp\Areas\Identity\Pages\Account\Register.cshtml.cs", "C#", 0, 137, 0, 0, 0, 0, 0, 0, 31, 23, 191
"c:\Users\Pioter\Desktop\CinemaApp\CinemaApp\CinemaApp\Areas\Identity\Pages\Account\RegisterConfirmation.cshtml", "ASP.NET Razor", 0, 0, 0, 0, 13, 0, 0, 0, 0, 2, 15
"c:\Users\Pioter\Desktop\CinemaApp\CinemaApp\CinemaApp\Areas\Identity\Pages\Account\RegisterConfirmation.cshtml.cs", "C#", 0, 59, 0, 0, 0, 0, 0, 0, 14, 14, 87
"c:\Users\Pioter\Desktop\CinemaApp\CinemaApp\CinemaApp\Areas\Identity\Pages\Account\_ViewImports.cshtml", "ASP.NET Razor", 0, 0, 0, 0, 1, 0, 0, 0, 0, 0, 1
"c:\Users\Pioter\Desktop\CinemaApp\CinemaApp\CinemaApp\Areas\Identity\Pages\_ValidationScriptsPartial.cshtml", "ASP.NET Razor", 0, 0, 0, 0, 18, 0, 0, 0, 0, 1, 19
"c:\Users\Pioter\Desktop\CinemaApp\CinemaApp\CinemaApp\Areas\Identity\Pages\_ViewImports.cshtml", "ASP.NET Razor", 0, 0, 0, 0, 4, 0, 0, 0, 0, 1, 5
"c:\Users\Pioter\Desktop\CinemaApp\CinemaApp\CinemaApp\Areas\Identity\Pages\_ViewStart.cshtml", "ASP.NET Razor", 0, 0, 0, 0, 3, 0, 0, 0, 0, 0, 3
"c:\Users\Pioter\Desktop\CinemaApp\CinemaApp\CinemaApp\Areas\Identity\Pages\_ViewStart.cshtml.cs", "C#", 0, 11, 0, 0, 0, 0, 0, 0, 0, 2, 13
"c:\Users\Pioter\Desktop\CinemaApp\CinemaApp\CinemaApp\CinemaApp.MVC.csproj", "XML", 28, 0, 0, 0, 0, 0, 0, 0, 0, 4, 32
"c:\Users\Pioter\Desktop\CinemaApp\CinemaApp\CinemaApp\Controllers\AccountController.cs", "C#", 0, 103, 0, 0, 0, 0, 0, 0, 0, 18, 121
"c:\Users\Pioter\Desktop\CinemaApp\CinemaApp\CinemaApp\Controllers\HomeController.cs", "C#", 0, 34, 0, 0, 0, 0, 0, 0, 0, 5, 39
"c:\Users\Pioter\Desktop\CinemaApp\CinemaApp\CinemaApp\Controllers\MovieController.cs", "C#", 0, 155, 0, 0, 0, 0, 0, 0, 0, 35, 190
"c:\Users\Pioter\Desktop\CinemaApp\CinemaApp\CinemaApp\Controllers\MovieShowController.cs", "C#", 0, 129, 0, 0, 0, 0, 0, 0, 0, 30, 159
"c:\Users\Pioter\Desktop\CinemaApp\CinemaApp\CinemaApp\Controllers\TicketController.cs", "C#", 0, 231, 0, 0, 0, 0, 0, 0, 4, 47, 282
"c:\Users\Pioter\Desktop\CinemaApp\CinemaApp\CinemaApp\Extensions\ControllerExtensions.cs", "C#", 0, 15, 0, 0, 0, 0, 0, 0, 0, 2, 17
"c:\Users\Pioter\Desktop\CinemaApp\CinemaApp\CinemaApp\Models\ErrorViewModel.cs", "C#", 0, 8, 0, 0, 0, 0, 0, 0, 0, 1, 9
"c:\Users\Pioter\Desktop\CinemaApp\CinemaApp\CinemaApp\Models\Notification.cs", "C#", 0, 13, 0, 0, 0, 0, 0, 0, 0, 2, 15
"c:\Users\Pioter\Desktop\CinemaApp\CinemaApp\CinemaApp\Program.cs", "C#", 0, 40, 0, 0, 0, 0, 0, 0, 2, 15, 57
"c:\Users\Pioter\Desktop\CinemaApp\CinemaApp\CinemaApp\Templates\ConfirmationEmail.html", "HTML", 0, 0, 0, 13, 0, 0, 0, 0, 0, 1, 14
"c:\Users\Pioter\Desktop\CinemaApp\CinemaApp\CinemaApp\Templates\Email.html", "HTML", 0, 0, 0, 13, 0, 0, 0, 0, 0, 0, 13
"c:\Users\Pioter\Desktop\CinemaApp\CinemaApp\CinemaApp\Templates\EmailWithRecoveryPassword.html", "HTML", 0, 0, 0, 15, 0, 0, 0, 0, 0, 1, 16
"c:\Users\Pioter\Desktop\CinemaApp\CinemaApp\CinemaApp\Templates\Ticket.html", "HTML", 0, 0, 0, 24, 0, 0, 0, 0, 0, 1, 25
"c:\Users\Pioter\Desktop\CinemaApp\CinemaApp\CinemaApp\Views\Account\ForgotPassword.cshtml", "ASP.NET Razor", 0, 0, 0, 0, 22, 0, 0, 0, 0, 1, 23
"c:\Users\Pioter\Desktop\CinemaApp\CinemaApp\CinemaApp\Views\Account\ForgotPasswordConfirmation.cshtml", "ASP.NET Razor", 0, 0, 0, 0, 13, 0, 0, 0, 0, 2, 15
"c:\Users\Pioter\Desktop\CinemaApp\CinemaApp\CinemaApp\Views\Account\Index.cshtml", "ASP.NET Razor", 0, 0, 0, 0, 79, 0, 0, 0, 0, 6, 85
"c:\Users\Pioter\Desktop\CinemaApp\CinemaApp\CinemaApp\Views\Account\ResetPassword.cshtml", "ASP.NET Razor", 0, 0, 0, 0, 30, 0, 0, 0, 0, 3, 33
"c:\Users\Pioter\Desktop\CinemaApp\CinemaApp\CinemaApp\Views\Account\ResetPasswordConfirmation.cshtml", "ASP.NET Razor", 0, 0, 0, 0, 16, 0, 0, 0, 0, 3, 19
"c:\Users\Pioter\Desktop\CinemaApp\CinemaApp\CinemaApp\Views\Home\Index.cshtml", "ASP.NET Razor", 0, 0, 0, 0, 46, 0, 0, 0, 0, 3, 49
"c:\Users\Pioter\Desktop\CinemaApp\CinemaApp\CinemaApp\Views\Home\NoAccess.cshtml", "ASP.NET Razor", 0, 0, 0, 0, 1, 0, 0, 0, 0, 0, 1
"c:\Users\Pioter\Desktop\CinemaApp\CinemaApp\CinemaApp\Views\MovieShow\Create.cshtml", "ASP.NET Razor", 0, 0, 0, 0, 36, 0, 0, 0, 0, 6, 42
"c:\Users\Pioter\Desktop\CinemaApp\CinemaApp\CinemaApp\Views\MovieShow\Details.cshtml", "ASP.NET Razor", 0, 0, 0, 0, 176, 0, 0, 0, 0, 29, 205
"c:\Users\Pioter\Desktop\CinemaApp\CinemaApp\CinemaApp\Views\MovieShow\Edit.cshtml", "ASP.NET Razor", 0, 0, 0, 0, 81, 0, 0, 0, 0, 6, 87
"c:\Users\Pioter\Desktop\CinemaApp\CinemaApp\CinemaApp\Views\MovieShow\Index.cshtml", "ASP.NET Razor", 0, 0, 0, 0, 77, 0, 0, 0, 0, 3, 80
"c:\Users\Pioter\Desktop\CinemaApp\CinemaApp\CinemaApp\Views\MovieShow\_ShowsListPartial.cshtml", "ASP.NET Razor", 0, 0, 0, 0, 55, 0, 0, 0, 0, 6, 61
"c:\Users\Pioter\Desktop\CinemaApp\CinemaApp\CinemaApp\Views\MovieShow\_ShowsListPartial.cshtml.cs", "C#", 0, 11, 0, 0, 0, 0, 0, 0, 0, 2, 13
"c:\Users\Pioter\Desktop\CinemaApp\CinemaApp\CinemaApp\Views\Movie\Create.cshtml", "ASP.NET Razor", 0, 0, 0, 0, 71, 0, 0, 0, 0, 6, 77
"c:\Users\Pioter\Desktop\CinemaApp\CinemaApp\CinemaApp\Views\Movie\Details.cshtml", "ASP.NET Razor", 0, 0, 0, 0, 88, 0, 0, 0, 0, 10, 98
"c:\Users\Pioter\Desktop\CinemaApp\CinemaApp\CinemaApp\Views\Movie\Edit.cshtml", "ASP.NET Razor", 0, 0, 0, 0, 76, 0, 0, 0, 0, 6, 82
"c:\Users\Pioter\Desktop\CinemaApp\CinemaApp\CinemaApp\Views\Movie\Index.cshtml", "ASP.NET Razor", 0, 0, 0, 0, 93, 0, 0, 0, 0, 7, 100
"c:\Users\Pioter\Desktop\CinemaApp\CinemaApp\CinemaApp\Views\Movie\_CreateMovieRatingPartial.cshtml", "ASP.NET Razor", 0, 0, 0, 0, 72, 0, 0, 0, 0, 7, 79
"c:\Users\Pioter\Desktop\CinemaApp\CinemaApp\CinemaApp\Views\Movie\_MoviesListPartial.cshtml", "ASP.NET Razor", 0, 0, 0, 0, 47, 0, 0, 0, 0, 1, 48
"c:\Users\Pioter\Desktop\CinemaApp\CinemaApp\CinemaApp\Views\Shared\Error.cshtml", "ASP.NET Razor", 0, 0, 0, 0, 22, 0, 0, 0, 0, 4, 26
"c:\Users\Pioter\Desktop\CinemaApp\CinemaApp\CinemaApp\Views\Shared\_Layout.cshtml", "ASP.NET Razor", 0, 0, 0, 0, 82, 0, 0, 0, 0, 5, 87
"c:\Users\Pioter\Desktop\CinemaApp\CinemaApp\CinemaApp\Views\Shared\_Layout.cshtml.css", "CSS", 0, 0, 0, 0, 0, 0, 38, 0, 2, 9, 49
"c:\Users\Pioter\Desktop\CinemaApp\CinemaApp\CinemaApp\Views\Shared\_LoginPartial.cshtml", "ASP.NET Razor", 0, 0, 0, 0, 38, 0, 0, 0, 0, 2, 40
"c:\Users\Pioter\Desktop\CinemaApp\CinemaApp\CinemaApp\Views\Shared\_LoginPartial.cshtml.cs", "C#", 0, 11, 0, 0, 0, 0, 0, 0, 0, 2, 13
"c:\Users\Pioter\Desktop\CinemaApp\CinemaApp\CinemaApp\Views\Shared\_ValidationScriptsPartial.cshtml", "ASP.NET Razor", 0, 0, 0, 0, 2, 0, 0, 0, 0, 1, 3
"c:\Users\Pioter\Desktop\CinemaApp\CinemaApp\CinemaApp\Views\Ticket\Create.cshtml", "ASP.NET Razor", 0, 0, 0, 0, 134, 0, 0, 0, 0, 12, 146
"c:\Users\Pioter\Desktop\CinemaApp\CinemaApp\CinemaApp\Views\Ticket\Index.cshtml", "ASP.NET Razor", 0, 0, 0, 0, 61, 0, 0, 0, 0, 8, 69
"c:\Users\Pioter\Desktop\CinemaApp\CinemaApp\CinemaApp\Views\Ticket\_TicketDetailsPartial.cshtml", "ASP.NET Razor", 0, 0, 0, 0, 38, 0, 0, 0, 0, 3, 41
"c:\Users\Pioter\Desktop\CinemaApp\CinemaApp\CinemaApp\Views\Ticket\_TicketListPartial.cshtml", "ASP.NET Razor", 0, 0, 0, 0, 67, 0, 0, 0, 0, 6, 73
"c:\Users\Pioter\Desktop\CinemaApp\CinemaApp\CinemaApp\Views\_ViewImports.cshtml", "ASP.NET Razor", 0, 0, 0, 0, 3, 0, 0, 0, 0, 1, 4
"c:\Users\Pioter\Desktop\CinemaApp\CinemaApp\CinemaApp\Views\_ViewStart.cshtml", "ASP.NET Razor", 0, 0, 0, 0, 3, 0, 0, 0, 0, 1, 4
"c:\Users\Pioter\Desktop\CinemaApp\CinemaApp\CinemaApp\appsettings.Development.json", "JSON", 0, 0, 0, 0, 0, 8, 0, 0, 0, 1, 9
"c:\Users\Pioter\Desktop\CinemaApp\CinemaApp\CinemaApp\appsettings.json", "JSON", 0, 0, 0, 0, 0, 22, 0, 0, 0, 0, 22
"c:\Users\Pioter\Desktop\CinemaApp\CinemaApp\CinemaApp\libman.json", "JSON", 0, 0, 0, 0, 0, 14, 0, 0, 0, 0, 14
"c:\Users\Pioter\Desktop\CinemaApp\CinemaApp\CinemaApp\wwwroot\css\Home\HomeSiteStyleSheet.css", "CSS", 0, 0, 0, 0, 0, 0, 166, 0, 1, 32, 199
"c:\Users\Pioter\Desktop\CinemaApp\CinemaApp\CinemaApp\wwwroot\css\Identity\IdentityStyleSheet.css", "CSS", 0, 0, 0, 0, 0, 0, 123, 0, 0, 21, 144
"c:\Users\Pioter\Desktop\CinemaApp\CinemaApp\CinemaApp\wwwroot\css\Movie\MovieDetailsStyleSheet.css", "CSS", 0, 0, 0, 0, 0, 0, 92, 0, 0, 21, 113
"c:\Users\Pioter\Desktop\CinemaApp\CinemaApp\CinemaApp\wwwroot\css\Repertoire\RepertoireStyleSheet.css", "CSS", 0, 0, 0, 0, 0, 0, 231, 0, 0, 43, 274
"c:\Users\Pioter\Desktop\CinemaApp\CinemaApp\CinemaApp\wwwroot\css\Ticket\CreateTicketStyleSheet.css", "CSS", 0, 0, 0, 0, 0, 0, 83, 0, 0, 17, 100
"c:\Users\Pioter\Desktop\CinemaApp\CinemaApp\CinemaApp\wwwroot\css\Ticket\PdfWithTicketStyleSheet.css", "CSS", 0, 0, 0, 0, 0, 0, 37, 0, 0, 7, 44
"c:\Users\Pioter\Desktop\CinemaApp\CinemaApp\CinemaApp\wwwroot\css\site.css", "CSS", 0, 0, 0, 0, 0, 0, 33, 0, 0, 11, 44
"c:\Users\Pioter\Desktop\CinemaApp\CinemaApp\CinemaApp\wwwroot\js\CinemaApp\MainPage\MainPageScripts.js", "JavaScript", 0, 0, 0, 0, 0, 0, 0, 48, 9, 12, 69
"c:\Users\Pioter\Desktop\CinemaApp\CinemaApp\CinemaApp\wwwroot\js\CinemaApp\Movie\Rating.js", "JavaScript", 0, 0, 0, 0, 0, 0, 0, 83, 0, 12, 95
"c:\Users\Pioter\Desktop\CinemaApp\CinemaApp\CinemaApp\wwwroot\js\CinemaApp\Repertoire\RepertoirePageScripts.js", "JavaScript", 0, 0, 0, 0, 0, 0, 0, 44, 4, 10, 58
"c:\Users\Pioter\Desktop\CinemaApp\CinemaApp\CinemaApp\wwwroot\js\CinemaApp\Ticket\SeatManager.js", "JavaScript", 0, 0, 0, 0, 0, 0, 0, 153, 1, 31, 185
"c:\Users\Pioter\Desktop\CinemaApp\CinemaApp\CinemaApp\wwwroot\js\site.js", "JavaScript", 0, 0, 0, 0, 0, 0, 0, 0, 0, 1, 1
"c:\Users\Pioter\Desktop\CinemaApp\CinemaApp\TicketScanner\TicketScanner.ino", "C++", 0, 0, 133, 0, 0, 0, 0, 0, 3, 38, 174
"c:\Users\Pioter\Desktop\CinemaApp\CinemaApp\TicketScanner\env.h", "C++", 0, 0, 2, 0, 0, 0, 0, 0, 0, 0, 2
"c:\Users\Pioter\Desktop\CinemaApp\CinemaApp\TicketScanner\wifi_secrets.h", "C++", 0, 0, 2, 0, 0, 0, 0, 0, 0, 0, 2
"Total", "-", 153, 5937, 137, 65, 1849, 49, 803, 328, 426, 1630, 11377